Rep,obs,rearing,substrate,leaf,lmale ,lfemale,soil,smale ,sfemale,root,rmale,rfemale,roomposition
1,1,Barley grain,Maize,0,0,0,11,7,9,0,0,0,4
1,2,Barley grain,Oats,6,4,2,24,11,13,2,0,2,4
1,3,Barley grain,Rice,50,22,28,21,4,17,6,2,4,4
1,4,Barley grain,Milo,8,4,4,0,0,0,0,0,0,4
1,5,Barley grain,nocapture,66,27,39,0,0,0,0,0,0,4
1,6,Barley grain,Milo,18,6,12,5,2,3,5,3,2,2
1,7,Barley grain,Maize,6,3,3,0,0,0,0,0,0,2
1,8,Barley grain,Oats,6,1,5,17,9,8,0,0,0,2
1,9,Barley grain,Rice,58,21,37,17,5,12,6,2,4,2
1,10,Barley grain,nocapture,63,24,29,0,0,0,0,0,0,2
1,11,Barley grain,Rice,48,29,19,17,11,6,0,0,0,1
1,12,Barley grain,Milo,2,2,0,10,4,6,0,0,0,1
1,13,Barley grain,Maize,29,11,18,13,4,9,1,0,1,1
1,14,Barley grain,Oats,2,1,1,21,12,9,2,0,2,1
1,15,Barley grain,nocapture,58,26,32,0,0,0,0,0,0,1
1,16,Barley grain,Oats,14,11,3,19,7,12,4,3,1,3
1,17,Barley grain,Rice,64,38,26,7,6,1,1,0,1,3
1,18,Barley grain,Milo,3,2,1,1,0,1,9,6,3,3
1,19,Barley grain,Maize,2,0,2,16,5,11,4,3,1,3
1,20,Barley grain,nocapture,53,28,25,0,0,0,0,0,0,3
2,21,Barley grain,Maize,2,0,2,3,2,1,8,4,4,2
2,22,Barley grain,Oats,10,2,8,17,4,13,4,3,1,2
2,23,Barley grain,Rice,40,17,23,19,8,11,1,0,1,2
2,24,Barley grain,Milo,8,5,3,1,1,0,0,0,0,2
2,25,Barley grain,nocapture,66,29,37,0,0,0,0,0,0,2
2,26,Barley grain,Milo,10,1,9,7,4,3,0,0,0,4
2,27,Barley grain,Maize,2,1,1,16,5,11,20,4,16,4
2,28,Barley grain,Oats,14,5,9,13,6,6,5,2,2,4
2,29,Barley grain,Rice,25,9,16,14,2,12,11,0,11,4
2,30,Barley grain,nocapture,63,29,34,0,0,0,0,0,0,4
2,31,Barley grain,Rice,39,15,24,12,10,2,3,3,0,3
2,32,Barley grain,Milo,18,4,14,1,0,1,9,5,4,3
2,33,Barley grain,Maize,7,3,3,7,5,2,20,10,10,3
2,34,Barley grain,Oats,19,9,10,21,7,14,1,0,1,3
2,35,Barley grain,nocapture,48,21,26,0,0,0,0,0,0,3
2,36,Barley grain,Oats,8,2,6,7,2,5,3,0,3,1
2,37,Barley grain,Rice,36,16,16,17,6,11,15,6,9,1
2,38,Barley grain,Milo,13,6,7,20,8,12,4,1,3,1
2,39,Barley grain,Maize,5,2,3,14,6,8,2,2,0,1
2,40,Barley grain,nocapture,45,22,23,0,0,0,0,0,0,1
3,41,Barley grain,Maize,5,2,3,9,3,6,5,2,3,4
3,42,Barley grain,Oats,11,5,6,2,2,0,8,5,3,4
3,43,Barley grain,Rice,21,10,6,19,11,8,7,2,5,4
3,44,Barley grain,Milo,12,3,9,22,9,12,11,2,9,4
3,45,Barley grain,nocapture,68,35,31,0,0,0,0,0,0,4
3,46,Barley grain,Milo,32,14,18,20,9,11,27,13,14,1
3,47,Barley grain,Maize,2,2,0,5,2,3,3,1,2,1
3,48,Barley grain,Oats,12,9,3,5,3,2,5,5,0,1
3,49,Barley grain,Rice,11,4,7,24,16,8,7,4,2,1
3,50,Barley grain,nocapture,47,29,18,0,0,0,0,0,0,1
3,51,Barley grain,Rice,16,13,3,10,7,3,13,6,7,2
3,52,Barley grain,Milo,11,11,0,5,2,3,2,1,1,2
3,53,Barley grain,Maize,3,3,0,6,2,4,19,8,11,2
3,54,Barley grain,Oats,19,7,12,10,5,5,19,6,13,2
3,55,Barley grain,nocapture,50,23,27,0,0,0,0,0,0,2
3,56,Barley grain,Oats,21,9,12,6,4,2,15,13,2,3
3,57,Barley grain,Rice,28,19,9,25,9,16,6,4,2,3
3,58,Barley grain,Milo,7,4,3,3,3,0,14,7,7,3
3,59,Barley grain,Maize,4,4,0,18,7,11,6,4,2,3
3,60,Barley grain,nocapture,50,39,11,0,0,0,0,0,0,3
4,61,Barley grain,Maize,14,7,7,19,13,6,1,1,0,2
4,62,Barley grain,Oats,21,14,7,6,5,1,11,5,6,2
4,63,Barley grain,Rice,43,29,14,43,28,15,4,2,2,2
4,64,Barley grain,Milo,11,1,10,0,0,0,12,6,6,2
4,65,Barley grain,nocapture,25,13,12,0,0,0,0,0,0,2
4,66,Barley grain,Milo,0,3,7,1,0,1,0,0,0,4
4,67,Barley grain,Maize,8,4,4,12,3,9,12,6,6,4
4,68,Barley grain,Oats,59,37,22,3,1,2,14,8,6,4
4,69,Barley grain,Rice,41,22,19,14,5,9,17,6,11,4
4,70,Barley grain,nocapture,17,9,8,0,0,0,0,0,0,4
4,71,Barley grain,Rice,56,18,38,16,7,9,18,5,13,3
4,72,Barley grain,Milo,4,2,2,9,4,5,0,0,0,3
4,73,Barley grain,Maize,11,5,6,10,6,4,4,2,2,3
4,74,Barley grain,Oats,16,6,10,19,6,13,0,0,0,3
4,75,Barley grain,nocapture,37,21,16,0,0,0,0,0,0,3
4,76,Barley grain,Oats,25,10,15,16,7,9,8,2,6,1
4,77,Barley grain,Rice,39,20,19,15,4,11,4,2,2,1
4,78,Barley grain,Milo,20,8,12,12,4,8,0,0,0,1
4,79,Barley grain,Maize,10,4,6,20,14,6,9,2,7,1
4,80,Barley grain,nocapture,22,9,13,0,0,0,0,0,0,1
5,81,Barley grain,Maize,6,2,4,5,4,1,21,19,2,3
5,82,Barley grain,Oats,33,19,14,6,4,2,12,9,3,3
5,83,Barley grain,Rice,39,18,21,4,3,1,11,5,6,3
5,84,Barley grain,Milo,16,4,12,5,3,2,4,3,1,3
5,85,Barley grain,nocapture,23,19,4,0,0,0,0,0,0,3
5,86,Barley grain,Milo,29,15,14,8,4,4,9,5,4,1
5,87,Barley grain,Maize,3,2,1,3,1,2,23,10,13,1
5,88,Barley grain,Oats,23,9,14,13,7,6,4,1,3,1
5,89,Barley grain,Rice,30,12,18,15,9,6,9,7,2,1
5,90,Barley grain,nocapture,30,15,15,0,0,0,0,0,0,1
5,91,Barley grain,Rice,40,18,22,10,7,3,14,8,6,4
5,92,Barley grain,Milo,28,18,10,11,4,7,5,4,1,4
5,93,Barley grain,Maize,9,5,4,5,4,1,6,4,2,4
5,94,Barley grain,Oats,9,4,5,8,2,6,9,4,5,4
5,95,Barley grain,nocapture,19,14,5,0,0,0,0,0,0,4
5,96,Barley grain,Oats,24,11,13,8,5,3,0,0,0,2
5,97,Barley grain,Rice,46,15,31,8,7,1,23,9,14,2
5,98,Barley grain,Milo,39,20,19,4,3,1,2,0,2,2
5,99,Barley grain,Maize,15,6,9,6,6,0,3,0,3,2
5,100,Barley grain,nocapture,24,13,11,0,0,0,0,0,0,2
6,101,Barley grain,Maize,15,2,13,8,6,2,17,7,10,3
6,102,Barley grain,Oats,19,7,12,11,4,7,12,5,7,3
6,103,Barley grain,Rice,38,15,23,5,2,3,1,0,2,3
6,104,Barley grain,Milo,31,15,16,7,5,2,3,2,1,3
6,105,Barley grain,nocapture,9,3,6,0,0,0,0,0,0,3
6,106,Barley grain,Milo,29,14,15,4,1,3,8,4,4,2
6,107,Barley grain,Maize,1,0,2,5,3,2,2,1,1,2
6,108,Barley grain,Oats,46,24,22,6,2,4,17,10,7,2
6,109,Barley grain,Rice,39,18,27,10,6,4,2,1,1,2
6,110,Barley grain,nocapture,19,9,10,0,0,0,0,0,0,2
6,111,Barley grain,Rice,33,16,17,5,4,1,7,3,4,4
6,112,Barley grain,Milo,25,16,9,7,2,5,13,5,8,4
6,113,Barley grain,Maize,23,12,11,10,6,4,8,4,4,4
6,114,Barley grain,Oats,13,10,3,10,3,7,8,1,7,4
6,115,Barley grain,nocapture,22,11,11,0,0,0,0,0,0,4
6,116,Barley grain,Oats,10,5,5,15,12,3,8,3,5,1
6,117,Barley grain,Rice,37,16,21,6,4,2,7,3,4,1
6,118,Barley grain,Milo,17,11,6,20,11,9,5,2,3,1
6,119,Barley grain,Maize,12,5,7,5,3,2,26,13,13,1
6,120,Barley grain,nocapture,8,6,2,0,0,0,0,0,0,1
7,121,Barley grain,Maize,9,6,3,12,6,6,2,2,0,4
7,122,Barley grain,Oats,12,7,5,7,6,2,1,1,0,4
7,123,Barley grain,Rice,39,22,17,4,4,0,7,2,5,4
7,124,Barley grain,Milo,19,8,11,10,5,5,2,2,0,4
7,125,Barley grain,nocapture,34,18,16,0,0,0,0,0,0,4
7,126,Barley grain,Milo,18,11,7,14,12,2,7,4,3,3
7,127,Barley grain,Maize,7,3,4,11,7,4,0,0,0,3
7,128,Barley grain,Oats,31,13,18,2,1,1,1,0,1,3
7,129,Barley grain,Rice,48,31,17,5,4,1,1,0,1,3
7,130,Barley grain,nocapture,53,36,17,0,0,0,0,0,0,3
7,131,Barley grain,Rice,30,19,11,13,11,2,8,6,2,2
7,132,Barley grain,Milo,14,10,4,14,11,3,3,2,1,2
7,133,Barley grain,Maize,9,7,2,7,5,2,2,2,0,2
7,134,Barley grain,Oats,16,11,6,15,10,5,0,0,0,2
7,135,Barley grain,nocapture,63,37,26,0,0,0,0,0,0,2
7,136,Barley grain,Oats,23,14,9,1,1,0,5,3,2,1
7,137,Barley grain,Rice,43,20,23,8,5,3,6,4,2,1
7,138,Barley grain,Milo,15,8,7,4,3,1,1,1,0,1
7,139,Barley grain,Maize,2,0,2,4,2,2,2,1,1,1
7,140,Barley grain,nocapture,15,10,5,0,0,0,0,0,0,1
8,141,Barley grain,Maize,16,4,12,3,2,1,3,2,1,2
8,142,Barley grain,Oats,28,9,19,1,0,1,3,1,2,2
8,143,Barley grain,Rice,17,6,11,3,1,2,0,0,0,2
8,144,Barley grain,Milo,17,5,12,7,5,2,1,1,0,2
8,145,Barley grain,nocapture,103,33,7,0,0,0,0,0,0,2
8,146,Barley grain,Milo,13,2,11,0,0,0,3,1,2,1
8,147,Barley grain,Maize,20,10,10,3,2,1,1,0,1,1
8,148,Barley grain,Oats,39,22,17,1,0,1,4,1,3,1
8,149,Barley grain,Rice,13,3,10,4,3,1,3,2,1,1
8,150,Barley grain,nocapture,94,35,59,0,0,0,0,0,0,1
8,151,Barley grain,Rice,29,15,14,4,3,1,3,3,0,4
8,152,Barley grain,Milo,16,7,9,4,2,2,1,0,1,4
8,153,Barley grain,Maize,7,2,5,8,5,3,4,1,3,4
8,154,Barley grain,Oats,35,14,21,0,0,0,0,0,0,4
8,155,Barley grain,nocapture,88,35,53,0,0,0,0,0,0,4
8,156,Barley grain,Oats,20,7,13,1,0,1,6,2,4,3
8,157,Barley grain,Rice,21,12,9,3,0,3,4,4,0,3
8,158,Barley grain,Milo,30,13,17,0,0,0,1,1,0,3
8,159,Barley grain,Maize,14,6,8,1,1,0,2,1,1,3
8,160,Barley grain,nocapture,96,40,56,0,0,0,0,0,0,3
9,161,Barley grain,Maize,28,11,17,3,1,2,9,3,6,4
9,162,Barley grain,Oats,41,20,21,1,0,1,2,1,1,4
9,163,Barley grain,Rice,17,11,6,3,2,1,2,2,0,4
9,164,Barley grain,Milo,28,11,17,9,5,7,9,4,5,4
9,165,Barley grain,nocapture,48,23,25,0,0,0,0,0,0,4
9,166,Barley grain,Milo,31,15,16,6,3,3,14,9,5,3
9,167,Barley grain,Maize,33,13,20,2,0,2,0,0,0,3
9,168,Barley grain,Oats,29,10,19,5,2,3,4,3,1,3
9,169,Barley grain,Rice,16,9,7,1,1,0,7,2,5,3
9,170,Barley grain,nocapture,50,20,30,0,0,0,0,0,0,3
9,171,Barley grain,Rice,30,10,20,4,2,2,11,7,4,1
9,172,Barley grain,Milo,43,17,26,3,1,2,17,4,13,1
9,173,Barley grain,Maize,11,8,3,3,2,1,3,0,3,1
9,174,Barley grain,Oats,20,5,15,2,1,1,14,9,5,1
9,175,Barley grain,nocapture,39,19,20,0,0,0,0,0,0,1
9,176,Barley grain,Oats,34,11,23,3,1,2,5,1,4,2
9,177,Barley grain,Rice,33,10,23,3,1,2,6,1,5,2
9,178,Barley grain,Milo,20,9,11,6,3,3,5,3,2,2
9,179,Barley grain,Maize,15,6,9,4,2,2,10,2,8,2
9,180,Barley grain,nocapture,57,18,39,0,0,0,0,0,0,2
10,181,Barley grain,Maize,11,4,7,4,2,2,8,7,1,4
10,182,Barley grain,Oats,18,18,8,4,2,2,3,2,1,4
10,183,Barley grain,Rice,19,13,6,4,2,2,2,1,1,4
10,184,Barley grain,Milo,15,8,7,10,8,2,12,5,7,4
10,185,Barley grain,nocapture,87,37,50,0,0,0,0,0,0,4
10,186,Barley grain,Milo,31,13,18,5,4,1,4,1,3,2
10,187,Barley grain,Maize,26,16,10,4,3,1,4,4,0,2
10,188,Barley grain,Oats,17,8,9,3,2,1,5,2,3,2
10,189,Barley grain,Rice,29,17,12,2,1,1,1,1,0,2
10,190,Barley grain,nocapture,68,23,45,0,0,0,0,0,0,2
10,191,Barley grain,Rice,29,9,20,3,2,1,4,3,1,3
10,192,Barley grain,Milo,39,15,24,4,1,3,17,8,9,3
10,193,Barley grain,Maize,14,7,7,12,7,5,5,1,4,3
10,194,Barley grain,Oats,19,7,12,1,1,0,5,2,3,3
10,195,Barley grain,nocapture,45,18,27,0,0,0,0,0,0,3
10,196,Barley grain,Oats,17,5,12,1,1,0,9,3,6,1
10,197,Barley grain,Rice,25,17,13,0,0,0,8,4,4,1
10,198,Barley grain,Milo,17,6,11,5,2,3,10,8,2,1
10,199,Barley grain,Maize,5,2,3,1,1,0,8,4,4,1
10,200,Barley grain,nocapture,94,40,54,0,0,0,0,0,0,1
1,201,Maize grain,Maize,22,6,16,9,4,5,5,1,4,1
1,202,Maize grain,Oats,10,4,6,4,0,3,5,3,2,1
1,203,Maize grain,Rice,21,5,16,10,4,6,7,3,4,1
1,204,Maize grain,Milo,28,14,14,18,9,9,12,3,9,1
1,205,Maize grain,nocapture,49,13,36,0,0,0,0,0,0,1
1,206,Maize grain,Milo,14,5,9,9,5,4,8,4,4,2
1,207,Maize grain,Maize,8,4,4,7,3,4,2,2,0,2
1,208,Maize grain,Oats,7,2,5,10,4,6,7,1,6,2
1,209,Maize grain,Rice,44,16,28,15,7,8,8,3,5,2
1,210,Maize grain,nocapture,61,24,37,0,0,0,0,0,0,2
1,211,Maize grain,Rice,41,16,29,7,3,4,4,1,3,3
1,212,Maize grain,Milo,26,14,12,0,0,0,0,0,0,3
1,213,Maize grain,Maize,26,12,14,2,1,1,14,6,8,3
1,214,Maize grain,Oats,16,3,13,4,1,3,7,6,1,3
1,215,Maize grain,nocapture,67,36,47,0,0,0,0,0,0,3
1,216,Maize grain,Oats,10,3,7,8,3,5,24,10,14,4
1,217,Maize grain,Rice,22,10,12,8,3,5,11,3,8,4
1,218,Maize grain,Milo,15,5,10,12,2,10,8,2,6,4
1,219,Maize grain,Maize,12,8,4,7,4,3,26,12,14,4
1,220,Maize grain,nocapture,43,22,21,0,0,0,0,0,0,4
2,221,Maize grain,Maize,8,2,6,1,0,1,8,7,1,4
2,222,Maize grain,Oats,8,3,5,1,0,1,11,3,8,4
2,223,Maize grain,Rice,16,10,6,0,0,0,9,4,5,4
2,224,Maize grain,Milo,5,3,2,1,1,0,4,1,3,4
2,225,Maize grain,nocapture,27,74,53,0,0,0,0,0,0,4
2,226,Maize grain,Milo,2,1,1,1,0,1,1,0,1,3
2,227,Maize grain,Maize,3,0,0,5,2,3,1,0,1,3
2,228,Maize grain,Oats,17,10,7,0,0,0,3,1,2,3
2,229,Maize grain,Rice,23,10,13,2,0,2,12,10,2,3
2,230,Maize grain,nocapture,128,78,50,0,0,0,0,0,0,3
2,231,Maize grain,Rice,21,9,19,1,0,1,17,12,5,1
2,232,Maize grain,Milo,6,2,4,1,1,0,1,0,1,1
2,233,Maize grain,Maize,26,10,16,2,1,1,6,3,8,1
2,234,Maize grain,Oats,34,16,18,0,0,0,1,1,1,1
2,235,Maize grain,nocapture,83,43,40,0,0,0,0,0,0,1
2,236,Maize grain,Oats,5,3,2,1,0,1,8,7,1,2
2,237,Maize grain,Rice,31,20,11,3,1,2,15,6,9,2
2,238,Maize grain,Milo,24,10,14,0,0,0,0,0,0,2
2,239,Maize grain,Maize,26,14,12,1,0,1,4,2,2,2
2,240,Maize grain,nocapture,81,33,48,0,0,0,0,0,0,2
3,241,Maize grain,Maize,21,11,10,1,0,1,3,0,3,3
3,242,Maize grain,Oats,10,9,1,2,0,2,4,3,1,3
3,243,Maize grain,Rice,38,16,22,3,1,2,12,8,4,3
3,244,Maize grain,Milo,27,13,14,8,3,5,26,14,12,3
3,245,Maize grain,nocapture,44,23,21,0,0,0,0,0,0,3
3,246,Maize grain,Milo,43,20,23,2,1,1,8,6,2,4
3,247,Maize grain,Maize,26,15,11,6,2,4,7,3,4,4
3,248,Maize grain,Oats,9,3,6,0,0,0,3,2,1,4
3,249,Maize grain,Rice,31,14,17,3,1,2,7,4,3,4
3,250,Maize grain,nocapture,54,25,29,0,0,0,0,0,0,4
3,251,Maize grain,Rice,51,20,31,4,1,3,9,5,4,2
3,252,Maize grain,Milo,39,17,22,3,2,1,12,8,4,2
3,253,Maize grain,Maize,24,12,12,0,0,0,1,1,0,2
3,254,Maize grain,Oats,13,9,4,1,0,1,2,2,0,2
3,255,Maize grain,nocapture,44,21,23,0,0,0,0,0,0,2
3,256,Maize grain,Oats,13,8,5,3,1,2,5,1,4,1
3,257,Maize grain,Rice,19,9,10,1,1,0,13,7,6,1
3,258,Maize grain,Milo,41,21,20,13,8,5,33,18,15,1
3,259,Maize grain,Maize,12,6,6,1,1,0,7,4,3,1
3,260,Maize grain,nocapture,39,12,27,0,0,0,0,0,0,1
4,261,Maize grain,Maize,21,7,14,3,1,2,4,2,2,3
4,262,Maize grain,Oats,32,15,17,2,2,0,6,3,3,3
4,263,Maize grain,Rice,31,16,15,1,1,6,8,3,5,3
4,264,Maize grain,Milo,32,15,17,4,1,3,13,7,6,3
4,265,Maize grain,nocapture,41,12,29,0,0,0,0,0,0,3
4,266,Maize grain,Milo,41,22,19,1,1,0,16,7,9,1
4,267,Maize grain,Maize,12,7,5,2,1,1,11,7,4,1
4,268,Maize grain,Oats,30,12,18,2,0,2,6,2,4,1
4,269,Maize grain,Rice,22,6,16,6,3,3,1,1,0,1
4,270,Maize grain,nocapture,50,15,35,0,0,0,0,0,0,1
4,271,Maize grain,Rice,26,9,17,2,1,1,6,4,2,2
4,272,Maize grain,Milo,45,22,23,3,1,2,7,5,2,2
4,273,Maize grain,Maize,21,6,15,6,0,6,16,5,11,2
4,274,Maize grain,Oats,18,11,7,3,1,2,2,1,1,2
4,275,Maize grain,nocapture,43,19,24,0,0,0,0,0,0,2
4,276,Maize grain,Oats,26,8,18,0,0,0,8,4,4,4
4,277,Maize grain,Rice,34,12,22,3,1,2,3,0,3,4
4,278,Maize grain,Milo,20,9,11,4,4,0,16,11,5,4
4,279,Maize grain,Maize,25,15,10,8,2,6,6,3,3,4
4,280,Maize grain,nocapture,47,12,32,0,0,0,0,0,0,4
5,281,Maize grain,Maize,19,6,13,8,5,3,23,14,9,2
5,282,Maize grain,Oats,12,7,5,0,0,0,15,7,8,2
5,283,Maize grain,Rice,13,8,5,2,0,2,8,5,3,2
5,284,Maize grain,Milo,20,10,10,0,0,0,22,12,10,2
5,285,Maize grain,nocapture,58,19,39,0,0,0,0,0,0,2
5,286,Maize grain,Milo,17,7,10,4,1,3,31,15,16,1
5,287,Maize grain,Maize,19,6,13,3,0,3,20,5,15,1
5,288,Maize grain,Oats,32,15,17,1,1,0,5,2,3,1
5,289,Maize grain,Rice,17,6,11,7,4,3,8,6,2,1
5,290,Maize grain,nocapture,38,13,25,0,0,0,0,0,0,1
5,291,Maize grain,Rice,24,8,16,3,1,2,6,3,3,3
5,292,Maize grain,Milo,12,3,9,4,3,1,32,13,19,3
5,293,Maize grain,Maize,19,13,6,5,3,2,16,3,13,3
5,294,Maize grain,Oats,20,8,12,1,1,0,13,10,3,3
5,295,Maize grain,nocapture,43,20,23,0,0,0,0,0,0,3
5,296,Maize grain,Oats,28,13,15,3,1,2,13,8,5,4
5,297,Maize grain,Rice,15,6,9,0,0,0,7,4,3,4
5,298,Maize grain,Milo,23,9,14,1,0,0,23,11,12,4
5,299,Maize grain,Maize,19,8,11,4,2,2,12,6,6,4
5,300,Maize grain,nocapture,51,21,30,0,0,0,0,0,0,4
6,301,Maize grain,Maize,17,12,5,2,2,0,2,2,0,2
6,302,Maize grain,Oats,21,10,11,0,0,0,1,1,0,2
6,303,Maize grain,Rice,32,11,21,1,1,0,14,7,7,2
6,304,Maize grain,Milo,17,3,14,2,1,1,4,2,2,2
6,305,Maize grain,nocapture,94,30,64,0,0,0,0,0,0,2
6,306,Maize grain,Milo,5,1,4,2,1,1,3,1,3,1
6,307,Maize grain,Maize,16,7,9,9,6,3,1,0,1,1
6,308,Maize grain,Oats,18,10,8,2,0,2,11,7,4,1
6,309,Maize grain,Rice,30,13,17,1,1,0,7,3,4,1
6,310,Maize grain,nocapture,93,35,58,0,0,0,0,0,0,1
6,311,Maize grain,Rice,38,10,28,4,1,3,13,6,7,3
6,312,Maize grain,Milo,18,6,12,4,1,3,20,8,12,3
6,313,Maize grain,Maize,11,3,8,0,0,0,0,0,0,3
6,314,Maize grain,Oats,22,12,10,2,0,2,4,2,2,3
6,315,Maize grain,nocapture,63,22,41,0,0,0,0,0,0,3
6,316,Maize grain,Oats,22,10,12,0,0,0,3,1,2,4
6,317,Maize grain,Rice,23,12,11,3,1,2,6,3,3,4
6,318,Maize grain,Milo,22,10,12,3,2,1,31,10,21,4
6,319,Maize grain,Maize,14,4,10,4,3,1,0,0,0,4
6,320,Maize grain,nocapture,77,32,43,0,0,0,0,0,0,4
7,321,Maize grain,Maize,15,9,6,0,0,0,3,3,0,3
7,322,Maize grain,Oats,40,16,24,0,0,0,3,0,3,3
7,323,Maize grain,Rice,35,17,18,2,0,2,5,1,4,3
7,324,Maize grain,Milo,18,8,10,4,2,2,7,2,5,3
7,325,Maize grain,nocapture,69,23,46,0,0,0,0,0,0,3
7,326,Maize grain,Milo,40,21,19,6,1,5,7,1,6,4
7,327,Maize grain,Maize,13,7,6,0,0,0,11,3,8,4
7,328,Maize grain,Oats,22,10,12,2,0,2,4,3,1,4
7,329,Maize grain,Rice,18,12,6,0,0,0,16,13,3,4
7,330,Maize grain,nocapture,60,21,39,0,0,0,0,0,0,4
7,331,Maize grain,Rice,25,17,8,1,0,1,7,5,2,1
7,332,Maize grain,Milo,36,15,21,6,5,1,1,1,0,1
7,333,Maize grain,Maize,22,15,7,2,1,1,5,0,5,1
7,334,Maize grain,Oats,41,27,14,0,0,0,11,4,7,1
7,335,Maize grain,nocapture,43,23,20,0,0,0,0,0,0,1
7,336,Maize grain,Oats,18,10,8,1,0,1,8,3,5,2
7,337,Maize grain,Rice,24,16,8,2,1,1,9,8,1,2
7,338,Maize grain,Milo,36,17,19,2,2,0,17,9,8,2
7,339,Maize grain,Maize,25,15,10,2,1,1,0,0,0,2
7,340,Maize grain,nocapture,53,23,0,0,0,0,0,0,0,2
8,341,Maize grain,Maize,15,7,8,0,0,0,6,4,2,2
8,342,Maize grain,Oats,46,24,22,2,1,1,7,6,1,2
8,343,Maize grain,Rice,29,17,12,2,2,0,9,4,5,2
8,344,Maize grain,Milo,27,14,13,1,1,0,8,6,2,2
8,345,Maize grain,nocapture,52,31,21,0,0,0,0,0,0,2
8,346,Maize grain,Milo,27,16,11,5,3,2,10,5,5,4
8,347,Maize grain,Maize,23,11,12,0,0,0,8,7,1,4
8,348,Maize grain,Oats,25,17,8,0,0,0,5,1,4,4
8,349,Maize grain,Rice,30,16,14,3,1,2,13,6,7,4
8,350,Maize grain,nocapture,50,23,27,0,0,0,0,0,0,4
8,351,Maize grain,Rice,39,21,18,2,1,1,4,3,1,1
8,352,Maize grain,Milo,44,17,27,3,2,1,12,5,7,1
8,353,Maize grain,Maize,14,7,7,9,5,4,1,1,0,1
8,354,Maize grain,Oats,28,14,14,1,1,0,9,2,7,1
8,355,Maize grain,nocapture,34,11,23,0,0,0,0,0,0,1
8,356,Maize grain,Oats,28,12,16,3,1,2,2,1,1,3
8,357,Maize grain,Rice,32,17,15,2,0,2,5,3,2,3
8,358,Maize grain,Milo,41,25,16,9,2,7,8,4,4,3
8,359,Maize grain,Maize,18,8,10,0,0,0,12,6,6,3
8,360,Maize grain,nocapture,38,11,27,0,0,0,0,0,0,3
9,361,Maize grain,Maize,20,10,10,17,7,10,8,4,4,1
9,362,Maize grain,Oats,24,15,9,2,1,1,5,0,5,1
9,363,Maize grain,Rice,28,16,12,5,4,1,8,4,4,1
9,364,Maize grain,Milo,20,7,13,1,0,1,2,0,2,1
9,365,Maize grain,nocapture,64,24,40,0,0,0,0,0,0,1
9,366,Maize grain,Milo,13,10,3,2,1,1,5,3,2,2
9,367,Maize grain,Maize,22,11,11,5,4,1,5,2,3,2
9,368,Maize grain,Oats,27,15,12,2,1,1,1,0,1,2
9,369,Maize grain,Rice,25,13,12,2,2,0,7,5,2,2
9,370,Maize grain,nocapture,82,44,38,0,0,0,0,0,0,2
9,371,Maize grain,Rice,47,21,26,3,2,1,16,7,9,3
9,372,Maize grain,Milo,31,17,14,0,0,0,8,4,4,3
9,373,Maize grain,Maize,18,8,10,4,2,2,0,0,0,3
9,374,Maize grain,Oats,24,15,9,2,2,0,5,3,2,3
9,375,Maize grain,nocapture,44,23,21,0,0,0,0,0,0,3
9,376,Maize grain,Oats,19,8,11,0,0,0,3,2,1,4
9,377,Maize grain,Rice,41,24,17,5,3,2,13,5,8,4
9,378,Maize grain,Milo,24,14,10,5,3,8,10,7,3,4
9,379,Maize grain,Maize,15,8,7,2,0,2,2,0,2,4
9,380,Maize grain,nocapture,59,29,30,0,0,0,0,0,0,4
10,381,Maize grain,Maize,18,6,12,3,1,2,1,1,1,3
10,382,Maize grain,Oats,30,18,12,2,0,2,7,5,2,3
10,383,Maize grain,Rice,30,12,18,3,0,3,10,6,4,3
10,384,Maize grain,Milo,11,7,4,1,0,1,2,1,1,3
10,385,Maize grain,nocapture,81,35,46,0,0,0,0,0,0,3
10,386,Maize grain,Milo,22,12,10,7,3,4,5,3,2,4
10,387,Maize grain,Maize,27,12,15,7,3,4,3,1,2,4
10,388,Maize grain,Oats,19,10,9,1,1,0,9,7,2,4
10,389,Maize grain,Rice,30,17,13,3,1,2,0,0,0,4
10,390,Maize grain,nocapture,64,29,35,0,0,0,0,0,0,4
10,391,Maize grain,Rice,37,16,21,3,2,1,13,8,5,2
10,392,Maize grain,Milo,21,12,9,6,3,3,6,2,4,2
10,393,Maize grain,Maize,16,11,5,4,2,2,1,0,1,2
10,394,Maize grain,Oats,38,19,10,2,1,1,8,5,3,2
10,395,Maize grain,nocapture,45,18,27,0,0,0,0,0,0,2
10,396,Maize grain,Oats,17,4,13,0,0,0,12,4,8,1
10,397,Maize grain,Rice,23,16,7,2,2,0,7,2,5,1
10,398,Maize grain,Milo,34,16,18,2,1,1,25,9,16,1
10,399,Maize grain,Maize,10,5,5,0,0,0,2,1,1,1
10,400,Maize grain,nocapture,64,36,28,0,0,0,0,0,0,1
1,401,Rice grain,Maize,10,4,6,13,9,4,8,7,1,1
1,402,Rice grain,Oats,14,3,11,11,6,5,10,5,5,1
1,403,Rice grain,Rice,48,17,25,23,17,11,13,4,9,1
1,404,Rice grain,Milo,13,4,9,3,1,2,2,1,1,1
1,405,Rice grain,nocapture,36,17,19,0,0,0,0,0,0,1
1,406,Rice grain,Milo,16,7,9,6,4,2,0,0,0,2
1,407,Rice grain,Maize,8,2,6,18,4,14,0,0,0,2
1,408,Rice grain,Oats,13,11,2,9,3,6,10,2,8,2
1,409,Rice grain,Rice,57,24,33,14,9,5,3,1,5,2
1,410,Rice grain,nocapture,43,15,18,0,0,0,0,0,0,2
1,411,Rice grain,Rice,59,36,23,21,15,16,21,9,12,3
1,412,Rice grain,Milo,19,13,6,0,0,0,0,0,0,3
1,413,Rice grain,Maize,2,1,1,8,3,5,3,2,1,3
1,414,Rice grain,Oats,17,6,11,4,2,2,1,0,1,3
1,415,Rice grain,nocapture,55,21,34,0,0,0,0,0,0,3
1,416,Rice grain,Oats,11,4,7,7,3,4,4,2,6,4
1,417,Rice grain,Rice,48,17,31,22,9,13,11,7,4,4
1,418,Rice grain,Milo,15,4,11,6,4,3,5,3,2,4
1,419,Rice grain,Maize,8,4,4,8,2,6,2,0,2,4
1,420,Rice grain,nocapture,14,7,7,0,0,0,0,0,0,4
2,421,Rice grain,Maize,27,16,11,2,2,0,24,7,17,2
2,422,Rice grain,Oats,17,7,10,4,4,0,0,0,0,2
2,423,Rice grain,Rice,27,14,13,4,2,2,17,10,7,2
2,424,Rice grain,Milo,15,5,10,4,3,1,15,8,7,2
2,425,Rice grain,nocapture,40,25,15,0,0,0,0,0,0,2
2,426,Rice grain,Milo,31,15,16,8,5,3,22,15,7,4
2,427,Rice grain,Maize,14,8,6,8,2,6,12,5,7,4
2,428,Rice grain,Oats,8,5,3,3,2,1,6,4,2,4
2,429,Rice grain,Rice,28,17,11,3,2,1,2,2,0,4
2,430,Rice grain,nocapture,51,30,21,0,0,0,0,0,0,4
2,431,Rice grain,Rice,23,18,15,5,4,1,10,7,3,1
2,432,Rice grain,Milo,14,7,7,2,2,0,11,8,3,1
2,433,Rice grain,Maize,9,2,7,26,17,9,22,10,12,1
2,434,Rice grain,Oats,18,9,9,2,2,0,5,3,2,1
2,435,Rice grain,nocapture,40,23,17,0,0,0,0,0,0,1
2,436,Rice grain,Oats,18,5,13,3,1,2,0,0,0,3
2,437,Rice grain,Rice,29,12,17,6,2,4,6,4,2,3
2,438,Rice grain,Milo,19,11,8,7,3,4,26,12,14,3
2,439,Rice grain,Maize,15,8,7,12,8,4,27,13,14,3
2,440,Rice grain,nocapture,48,,20,28,0,0,0,0,0,3
3,441,Rice grain,Maize,7,3,4,5,3,2,3,0,3,4
3,442,Rice grain,Oats,11,3,8,6,3,3,5,2,3,4
3,443,Rice grain,Rice,18,7,11,4,4,0,4,1,3,4
3,444,Rice grain,Milo,15,6,7,6,3,3,7,4,3,4
3,445,Rice grain,nocapture,110,57,53,0,0,0,0,0,0,4
3,446,Rice grain,Milo,22,11,11,4,2,2,17,9,8,2
3,447,Rice grain,Maize,17,8,9,7,4,3,12,4,8,2
3,448,Rice grain,Oats,19,10,9,4,2,2,14,8,6,2
3,449,Rice grain,Rice,31,19,12,7,5,2,10,7,3,2
3,450,Rice grain,nocapture,33,15,18,0,0,0,0,0,0,2
3,451,Rice grain,Rice,34,14,20,7,3,4,12,10,2,3
3,452,Rice grain,Milo,27,17,10,8,5,3,13,8,5,3
3,453,Rice grain,Maize,8,4,4,2,2,0,14,10,4,3
3,454,Rice grain,Oats,14,10,4,5,2,3,23,10,13,3
3,455,Rice grain,nocapture,33,15,18,0,0,0,0,0,0,3
3,456,Rice grain,Oats,15,7,8,3,2,1,10,7,3,1
3,457,Rice grain,Rice,33,10,23,4,1,3,11,7,4,1
3,458,Rice grain,Milo,18,8,10,5,4,1,13,6,7,1
3,459,Rice grain,Maize,17,7,10,8,7,1,19,13,6,1
3,460,Rice grain,nocapture,46,23,23,0,0,0,0,0,0,1
4,461,Rice grain,Maize,14,8,6,7,4,3,11,6,5,2
4,462,Rice grain,Oats,26,10,16,7,4,3,8,4,4,2
4,463,Rice grain,Rice,25,13,12,10,3,7,11,5,6,2
4,464,Rice grain,Milo,14,2,11,13,8,5,4,2,2,2
4,465,Rice grain,nocapture,31,14,17,0,0,0,0,0,0,2
4,466,Rice grain,Milo,24,12,12,21,16,5,2,1,1,1
4,467,Rice grain,Maize,14,5,9,5,4,1,1,1,0,1
4,468,Rice grain,Oats,20,8,12,6,3,3,7,2,5,1
4,469,Rice grain,Rice,43,29,13,8,4,4,2,1,1,1
4,470,Rice grain,nocapture,46,31,15,0,0,0,0,0,0,1
4,471,Rice grain,Rice,41,16,25,6,4,2,2,1,1,3
4,472,Rice grain,Milo,13,9,4,8,2,6,1,0,1,3
4,473,Rice grain,Maize,12,6,6,3,1,2,7,6,1,3
4,474,Rice grain,Oats,40,17,23,6,2,4,1,1,0,3
4,475,Rice grain,nocapture,37,18,19,0,0,0,0,0,0,3
4,476,Rice grain,Oats,35,16,19,6,4,2,12,4,8,4
4,477,Rice grain,Rice,39,15,24,7,5,2,8,4,4,4
4,478,Rice grain,Milo,19,10,9,6,4,2,0,0,0,4
4,479,Rice grain,Maize,17,10,7,3,3,0,12,5,7,4
4,480,Rice grain,nocapture,33,15,18,0,0,0,0,0,0,4
5,481,Rice grain,Maize,20,9,11,2,2,0,6,4,2,4
5,482,Rice grain,Oats,33,12,21,0,0,0,8,4,4,4
5,483,Rice grain,Rice,21,9,12,4,1,3,7,0,7,4
5,484,Rice grain,Milo,21,11,10,6,3,3,1,1,0,4
5,485,Rice grain,nocapture,39,22,17,0,0,0,0,0,0,4
5,486,Rice grain,Milo,68,45,23,15,7,8,5,3,2,1
5,487,Rice grain,Maize,15,6,9,6,1,5,1,1,0,1
5,488,Rice grain,Oats,12,6,6,9,6,3,8,7,1,1
5,489,Rice grain,Rice,27,12,15,1,0,1,8,5,3,1
5,490,Rice grain,nocapture,26,18,8,0,0,0,0,0,0,1
5,491,Rice grain,Rice,56,26,30,11,7,4,17,12,5,2
5,492,Rice grain,Milo,24,11,13,11,7,4,3,2,1,2
5,493,Rice grain,Maize,10,4,6,4,4,0,0,0,0,2
5,494,Rice grain,Oats,16,9,7,7,4,3,15,9,6,2
5,495,Rice grain,nocapture,17,8,9,0,0,0,0,0,0,2
5,496,Rice grain,Oats,35,18,17,6,2,4,6,3,3,3
5,497,Rice grain,Rice,41,21,20,5,3,2,6,3,3,3
5,498,Rice grain,Milo,12,8,4,5,2,3,4,4,0,3
5,499,Rice grain,Maize,25,19,6,2,1,1,3,2,1,3
5,500,Rice grain,nocapture,49,30,19,0,0,0,0,0,0,3
6,501,Rice grain,Maize,12,6,6,0,0,0,2,1,1,4
6,502,Rice grain,Oats,37,15,22,3,2,1,7,4,3,4
6,503,Rice grain,Rice,23,12,11,1,1,0,3,2,1,4
6,504,Rice grain,Milo,14,4,10,2,0,2,2,1,1,4
6,505,Rice grain,nocapture,97,39,58,0,0,0,0,0,0,4
6,506,Rice grain,Milo,18,10,8,3,1,2,3,3,0,2
6,507,Rice grain,Maize,20,6,14,1,0,1,1,1,0,2
6,508,Rice grain,Oats,27,6,21,1,0,1,8,2,6,2
6,509,Rice grain,Rice,24,13,11,1,1,0,2,1,1,2
6,510,Rice grain,nocapture,91,30,61,0,0,0,0,0,0,2
6,511,Rice grain,Rice,37,14,23,4,2,2,7,5,2,1
6,512,Rice grain,Milo,15,8,7,2,0,2,2,1,1,1
6,513,Rice grain,Maize,14,5,9,3,1,2,3,0,3,1
6,514,Rice grain,Oats,22,6,16,0,0,0,4,2,2,1
6,515,Rice grain,nocapture,85,33,52,0,0,0,0,0,0,1
6,516,Rice grain,Oats,36,12,24,2,1,1,4,1,3,3
6,517,Rice grain,Rice,39,18,21,1,0,1,5,2,3,3
6,518,Rice grain,Milo,8,3,5,1,1,0,8,4,4,3
6,519,Rice grain,Maize,12,6,6,6,3,3,0,0,0,3
6,520,Rice grain,nocapture,77,29,48,0,0,0,0,0,0,3
7,521,Rice grain,Maize,3,1,2,0,0,0,0,0,0,4
7,522,Rice grain,Oats,53,17,36,2,2,0,7,1,6,4
7,523,Rice grain,Rice,18,11,7,0,0,0,3,2,1,4
7,524,Rice grain,Milo,19,11,8,2,0,2,1,0,1,4
7,525,Rice grain,nocapture,72,37,35,0,0,0,0,0,0,4
7,526,Rice grain,Milo,39,23,16,3,1,2,5,4,1,3
7,527,Rice grain,Maize,13,11,2,0,0,0,3,2,1,3
7,528,Rice grain,Oats,29,18,11,2,0,2,0,0,0,3
7,529,Rice grain,Rice,38,20,18,8,3,5,16,7,9,3
7,530,Rice grain,nocapture,52,30,22,0,0,0,0,0,0,3
7,531,Rice grain,Rice,16,8,8,6,4,2,6,6,0,2
7,532,Rice grain,Milo,34,25,9,6,3,3,4,3,1,2
7,533,Rice grain,Maize,17,9,8,1,0,1,0,0,0,2
7,534,Rice grain,Oats,10,5,5,2,2,0,1,0,1,2
7,535,Rice grain,nocapture,76,54,22,0,0,0,0,0,0,2
7,536,Rice grain,Oats,25,19,6,2,1,1,0,0,0,1
7,537,Rice grain,Rice,32,19,13,8,6,2,10,3,7,1
7,538,Rice grain,Milo,33,21,12,5,2,3,3,2,1,1
7,539,Rice grain,Maize,7,5,2,5,4,1,0,0,0,1
7,540,Rice grain,nocapture,60,33,27,0,0,0,0,0,0,1
8,541,Rice grain,Maize,25,7,18,10,4,6,6,2,4,3
8,542,Rice grain,Oats,44,25,19,2,1,1,1,0,1,3
8,543,Rice grain,Rice,37,17,20,6,5,1,4,2,2,3
8,544,Rice grain,Milo,18,8,10,4,4,0,8,3,5,3
8,545,Rice grain,nocapture,38,20,18,0,0,0,0,0,0,3
8,546,Rice grain,Milo,40,22,18,2,1,1,4,2,2,2
8,547,Rice grain,Maize,20,13,7,5,4,1,10,6,4,2
8,548,Rice grain,Oats,29,15,14,2,2,0,1,1,0,2
8,549,Rice grain,Rice,27,11,16,1,0,1,3,2,1,2
8,550,Rice grain,nocapture,57,40,17,0,0,0,0,0,0,2
8,551,Rice grain,Rice,34,18,16,6,4,2,11,7,4,1
8,552,Rice grain,Milo,32,16,16,7,3,4,9,7,2,1
8,553,Rice grain,Maize,29,19,10,2,1,1,0,0,0,1
8,554,Rice grain,Oats,35,18,17,3,1,2,0,0,0,1
8,555,Rice grain,nocapture,26,12,14,0,0,0,0,0,0,1
8,556,Rice grain,Oats,40,16,24,4,3,1,5,2,3,4
8,557,Rice grain,Rice,69,31,38,6,5,1,3,1,2,4
8,558,Rice grain,Milo,24,13,11,1,1,0,2,2,0,4
8,559,Rice grain,Maize,5,3,2,5,3,2,1,0,1,4
8,560,Rice grain,nocapture,25,8,17,0,0,0,0,0,0,4
9,561,Rice grain,Maize,32,19,13,6,0,6,4,2,2,1
9,562,Rice grain,Oats,18,7,11,0,0,0,12,4,8,1
9,563,Rice grain,Rice,25,13,12,3,3,0,3,3,0,1
9,564,Rice grain,Milo,18,13,5,1,1,0,3,1,2,1
9,565,Rice grain,nocapture,74,49,25,0,0,0,0,0,0,1
9,566,Rice grain,Milo,31,23,8,1,0,1,12,7,5,2
9,567,Rice grain,Maize,30,19,11,2,1,1,3,3,0,2
9,568,Rice grain,Oats,27,10,17,3,0,0,4,1,3,2
9,569,Rice grain,Rice,22,9,13,3,4,1,3,2,1,2
9,570,Rice grain,nocapture,52,37,15,0,0,0,0,0,0,2
9,571,Rice grain,Rice,31,14,17,2,2,0,8,5,3,3
9,572,Rice grain,Milo,23,8,15,1,2,0,14,7,7,3
9,573,Rice grain,Maize,12,6,6,7,4,3,10,8,2,3
9,574,Rice grain,Oats,21,14,7,1,0,1,3,0,3,3
9,575,Rice grain,nocapture,68,42,26,0,0,0,0,0,0,3
9,576,Rice grain,Oats,20,7,13,11,5,6,6,3,3,4
9,577,Rice grain,Rice,26,17,9,6,1,5,3,3,0,4
9,578,Rice grain,Milo,21,6,25,2,2,0,11,3,8,4
9,579,Rice grain,Maize,12,7,5,0,0,0,7,2,5,4
9,580,Rice grain,nocapture,73,27,46,0,0,0,0,0,0,4
10,581,Rice grain,Maize,43,23,20,15,7,8,5,2,3,4
10,582,Rice grain,Oats,12,3,9,8,2,6,13,9,4,4
10,583,Rice grain,Rice,16,8,8,3,2,1,10,7,3,4
10,584,Rice grain,Milo,7,6,1,3,1,2,7,3,4,4
10,585,Rice grain,nocapture,54,24,30,0,0,0,0,0,0,4
10,586,Rice grain,Milo,28,10,18,2,0,2,9,5,4,2
10,587,Rice grain,Maize,19,9,10,7,3,4,2,1,1,2
10,588,Rice grain,Oats,11,6,5,2,0,2,13,6,7,2
10,589,Rice grain,Rice,22,9,13,2,1,1,14,11,3,2
10,590,Rice grain,nocapture,69,34,35,0,0,0,0,0,0,2
10,591,Rice grain,Rice,19,9,10,6,4,2,3,1,2,3
10,592,Rice grain,Milo,26,16,10,0,0,0,22,12,10,3
10,593,Rice grain,Maize,23,14,9,9,5,4,4,2,2,3
10,594,Rice grain,Oats,8,6,2,2,1,1,2,1,1,3
10,595,Rice grain,nocapture,70,32,38,0,0,0,0,0,0,3
10,596,Rice grain,Oats,13,7,6,3,3,0,9,4,5,1
10,597,Rice grain,Rice,34,16,18,1,1,0,14,7,7,1
10,598,Rice grain,Milo,32,15,17,2,1,1,2,0,2,1
10,599,Rice grain,Maize,27,13,14,3,1,2,9,1,8,1
10,600,Rice grain,nocapture,51,25,26,0,0,0,0,0,0,1
1,601,Milo grain,Maize,7,4,3,10,6,4,1,1,0,3
1,602,Milo grain,Oats,8,5,3,1,1,0,1,0,1,3
1,603,Milo grain,Rice,39,14,25,2,2,0,0,0,0,3
1,604,Milo grain,Milo,32,20,12,3,2,1,1,1,0,3
1,605,Milo grain,nocapture,92,50,42,0,0,0,0,0,0,3
1,606,Milo grain,Milo,46,25,21,3,2,1,7,6,1,4
1,607,Milo grain,Maize,11,4,7,4,2,2,3,1,2,4
1,608,Milo grain,Oats,8,4,4,1,1,0,2,0,2,4
1,609,Milo grain,Rice,24,11,13,0,0,0,10,5,5,4
1,610,Milo grain,nocapture,75,40,35,0,0,0,0,0,0,4
1,611,Milo grain,Rice,27,11,16,18,14,4,2,1,1,2
1,612,Milo grain,Milo,36,18,18,3,1,2,1,1,0,2
1,613,Milo grain,Maize,16,7,9,2,1,1,3,1,2,2
1,614,Milo grain,Oats,11,5,6,3,2,1,1,1,0,2
1,615,Milo grain,nocapture,71,41,30,0,0,0,0,0,0,2
1,616,Milo grain,Oats,24,15,9,2,1,1,0,0,0,1
1,617,Milo grain,Rice,34,22,12,5,4,1,9,6,3,1
1,618,Milo grain,Milo,25,15,10,4,4,0,3,2,1,1
1,619,Milo grain,Maize,17,5,12,10,5,5,0,0,0,1
1,620,Milo grain,nocapture,68,35,33,0,0,0,0,0,0,1
2,621,Milo grain,Maize,19,10,9,4,4,0,0,0,0,2
2,622,Milo grain,Oats,19,9,10,2,1,1,3,1,2,2
2,623,Milo grain,Rice,19,10,9,4,4,0,3,1,2,2
2,624,Milo grain,Milo,26,14,12,7,4,3,2,2,0,2
2,625,Milo grain,nocapture,92,63,29,0,0,0,0,0,0,2
2,626,Milo grain,Milo,24,12,12,4,3,1,0,0,0,3
2,627,Milo grain,Maize,11,8,3,1,0,1,0,0,0,3
2,628,Milo grain,Oats,29,18,11,2,1,1,3,3,0,3
2,629,Milo grain,Rice,34,20,14,0,0,0,7,5,2,3
2,630,Milo grain,nocapture,80,35,45,0,0,0,0,0,0,3
2,631,Milo grain,Rice,40,22,28,1,0,1,0,0,0,4
2,632,Milo grain,Milo,27,7,20,3,1,2,0,0,0,4
2,633,Milo grain,Maize,16,5,11,3,2,1,2,2,0,4
2,634,Milo grain,Oats,22,10,12,0,0,0,0,0,0,4
2,635,Milo grain,nocapture,84,41,43,0,0,0,0,0,0,4
2,636,Milo grain,Oats,11,5,6,1,0,1,3,0,3,1
2,637,Milo grain,Rice,24,10,14,0,0,0,8,2,6,1
2,638,Milo grain,Milo,53,27,26,6,5,1,3,1,2,1
2,639,Milo grain,Maize,10,6,4,0,0,0,4,2,2,1
2,640,Milo grain,nocapture,79,31,48,0,0,0,0,0,0,1
3,641,Milo grain,Maize,9,6,3,5,4,1,2,2,0,1
3,642,Milo grain,Oats,21,7,14,3,3,0,8,4,4,1
3,643,Milo grain,Rice,33,13,20,7,6,1,5,3,2,1
3,644,Milo grain,Milo,20,10,10,8,4,4,0,0,0,1
3,645,Milo grain,nocapture,77,30,47,0,0,0,0,0,0,1
3,646,Milo grain,Milo,38,47,21,8,2,6,4,2,2,2
3,647,Milo grain,Maize,11,6,5,4,3,1,7,4,3,2
3,648,Milo grain,Oats,20,9,11,5,2,3,2,2,0,2
3,649,Milo grain,Rice,27,11,16,3,2,1,1,0,1,2
3,650,Milo grain,nocapture,61,31,30,0,0,0,0,0,0,2
3,651,Milo grain,Rice,21,10,11,4,1,3,5,4,1,3
3,652,Milo grain,Milo,51,26,25,9,2,7,4,14,3,3
3,653,Milo grain,Maize,9,5,4,4,0,4,7,6,1,3
3,654,Milo grain,Oats,24,9,15,3,0,3,3,3,0,3
3,655,Milo grain,nocapture,52,18,34,0,0,0,0,0,0,3
3,656,Milo grain,Oats,34,16,18,2,1,1,8,4,4,4
3,657,Milo grain,Rice,18,9,9,1,1,0,7,1,6,4
3,658,Milo grain,Milo,27,13,14,1,0,1,3,0,3,4
3,659,Milo grain,Maize,11,6,5,1,0,1,3,2,1,4
3,660,Milo grain,nocapture,84,29,55,0,0,0,0,0,0,4
4,661,Milo grain,Maize,17,11,6,5,2,3,4,3,1,3
4,662,Milo grain,Oats,28,10,18,6,4,2,3,2,1,3
4,663,Milo grain,Rice,22,5,17,8,6,2,3,2,1,3
4,664,Milo grain,Milo,24,5,19,1,0,1,3,1,2,3
4,665,Milo grain,nocapture,69,29,40,0,0,0,0,0,0,3
4,666,Milo grain,Milo,27,15,12,2,0,2,3,3,0,2
4,667,Milo grain,Maize,13,7,6,9,6,3,2,2,0,2
4,668,Milo grain,Oats,38,10,28,11,9,2,1,0,1,2
4,669,Milo grain,Rice,29,14,15,2,0,2,8,2,6,2
4,670,Milo grain,nocapture,52,31,21,0,0,0,0,0,0,2
4,671,Milo grain,Rice,24,7,17,13,8,5,6,4,2,1
4,672,Milo grain,Milo,31,15,16,9,3,6,1,0,1,1
4,673,Milo grain,Maize,21,9,12,43,5,8,3,1,2,1
4,674,Milo grain,Oats,15,5,10,7,4,3,6,2,4,1
4,675,Milo grain,nocapture,48,17,31,0,0,0,0,0,0,1
4,676,Milo grain,Oats,21,7,14,8,3,5,11,3,8,4
4,677,Milo grain,Rice,27,8,19,1,0,1,9,5,4,4
4,678,Milo grain,Milo,26,9,17,7,4,3,4,1,3,4
4,679,Milo grain,Maize,14,7,7,6,3,3,2,1,1,4
4,680,Milo grain,nocapture,68,24,44,0,0,0,0,0,0,4
5,681,Milo grain,Maize,11,2,9,6,3,3,3,2,1,2
5,682,Milo grain,Oats,54,18,36,1,1,0,4,2,2,2
5,683,Milo grain,Rice,32,9,23,1,1,0,3,0,3,2
5,684,Milo grain,Milo,9,1,8,9,3,6,8,5,3,2
5,685,Milo grain,nocapture,56,21,35,0,0,0,0,0,0,2
5,686,Milo grain,Milo,23,8,15,9,2,7,9,3,6,1
5,687,Milo grain,Maize,14,3,11,3,2,1,6,2,4,1
5,688,Milo grain,Oats,32,7,25,6,3,3,4,2,2,1
5,689,Milo grain,Rice,31,11,20,8,6,2,4,2,2,1
5,690,Milo grain,nocapture,47,23,24,0,0,0,0,0,0,1
5,691,Milo grain,Rice,41,13,28,5,2,3,7,3,4,3
5,692,Milo grain,Milo,43,25,18,1,0,1,4,4,0,3
5,693,Milo grain,Maize,8,4,4,4,2,2,0,0,0,3
5,694,Milo grain,Oats,31,11,20,2,0,2,4,2,2,3
5,695,Milo grain,nocapture,47,17,30,0,0,0,0,0,0,3
5,696,Milo grain,Oats,33,13,20,3,2,1,8,6,2,4
5,697,Milo grain,Rice,23,8,15,3,3,0,10,4,6,4
5,698,Milo grain,Milo,30,8,22,17,9,8,4,1,3,4
5,699,Milo grain,Maize,8,2,6,4,3,1,0,0,0,4
5,700,Milo grain,nocapture,56,17,39,0,0,0,0,0,0,4
6,701,Milo grain,Maize,32,15,17,7,1,6,2,2,0,1
6,702,Milo grain,Oats,34,13,21,0,0,0,2,2,0,1
6,703,Milo grain,Rice,27,11,16,6,2,4,4,2,2,1
6,704,Milo grain,Milo,3,0,3,1,1,0,2,0,2,1
6,705,Milo grain,nocapture,76,30,46,0,0,0,0,0,0,1
6,706,Milo grain,Milo,10,4,6,5,3,2,3,0,3,2
6,707,Milo grain,Maize,22,9,13,8,5,3,2,0,2,2
6,708,Milo grain,Oats,17,10,7,1,1,0,3,1,2,2
6,709,Milo grain,Rice,27,7,20,3,2,1,11,4,7,2
6,710,Milo grain,nocapture,79,25,54,0,0,0,0,0,0,2
6,711,Milo grain,Rice,32,12,28,0,0,0,6,4,2,3
6,712,Milo grain,Milo,23,10,13,9,6,3,2,1,1,3
6,713,Milo grain,Maize,22,9,13,12,7,5,2,2,0,3
6,714,Milo grain,Oats,21,6,15,6,3,3,8,3,5,3
6,715,Milo grain,nocapture,48,18,30,0,0,0,0,0,0,3
6,716,Milo grain,Oats,35,18,17,1,1,0,6,2,4,4
6,717,Milo grain,Rice,27,13,15,7,3,4,2,2,1,4
6,718,Milo grain,Milo,18,8,10,1,1,0,1,0,1,4
6,719,Milo grain,Maize,19,8,11,7,4,3,0,0,0,4
6,720,Milo grain,nocapture,73,35,38,0,0,0,0,0,0,4
7,721,Milo grain,Maize,24,13,11,1,1,0,5,2,3,4
7,722,Milo grain,Oats,33,18,15,0,0,0,9,9,0,4
7,723,Milo grain,Rice,15,9,6,4,1,3,3,3,0,4
7,724,Milo grain,Milo,17,7,10,0,0,0,0,0,0,4
7,725,Milo grain,nocapture,91,54,37,0,0,0,0,0,0,4
7,726,Milo grain,Milo,34,20,14,2,1,1,5,3,2,1
7,727,Milo grain,Maize,30,15,15,4,0,4,7,5,2,1
7,728,Milo grain,Oats,21,9,12,3,1,2,3,1,2,1
7,729,Milo grain,Rice,29,18,11,0,0,0,4,2,2,1
7,730,Milo grain,nocapture,58,34,24,0,0,0,0,0,0,1
7,731,Milo grain,Rice,35,12,23,3,1,2,3,3,0,3
7,732,Milo grain,Milo,42,23,19,9,4,5,4,2,2,3
7,733,Milo grain,Maize,14,8,6,1,0,1,14,6,8,3
7,734,Milo grain,Oats,13,11,2,2,0,2,11,6,5,3
7,735,Milo grain,nocapture,49,19,30,0,0,0,0,0,0,3
7,736,Milo grain,Oats,31,17,14,3,2,1,10,8,2,2
7,737,Milo grain,Rice,34,20,14,1,1,0,4,0,4,2
7,738,Milo grain,Milo,29,18,11,4,2,2,10,6,4,2
7,739,Milo grain,Maize,11,5,6,0,0,0,2,2,0,2
7,740,Milo grain,nocapture,62,22,40,0,0,0,0,0,0,2
8,741,Milo grain,Maize,12,4,8,9,2,7,22,11,11,2
8,742,Milo grain,Oats,35,22,13,5,0,5,1,1,0,2
8,743,Milo grain,Rice,25,11,14,4,1,3,2,1,2,2
8,744,Milo grain,Milo,27,18,9,0,0,0,2,0,2,2
8,745,Milo grain,nocapture,56,28,28,0,0,0,0,0,0,2
8,746,Milo grain,Milo,30,16,14,10,5,5,5,2,3,4
8,747,Milo grain,Maize,20,11,9,8,5,3,8,5,3,4
8,748,Milo grain,Oats,18,10,8,2,0,2,3,1,2,4
8,749,Milo grain,Rice,23,6,17,3,0,3,3,1,2,4
8,750,Milo grain,nocapture,64,34,30,0,0,0,0,0,0,4
8,751,Milo grain,Rice,27,18,9,4,2,2,2,0,2,3
8,752,Milo grain,Milo,31,17,14,5,1,4,8,5,3,3
8,753,Milo grain,Maize,23,13,10,3,3,0,5,3,2,3
8,754,Milo grain,Oats,18,8,10,1,1,0,0,0,0,3
8,755,Milo grain,nocapture,68,27,41,0,0,0,0,0,0,3
8,756,Milo grain,Oats,14,8,6,4,2,2,8,3,5,1
8,757,Milo grain,Rice,18,7,11,3,1,2,3,1,2,1
8,758,Milo grain,Milo,32,16,16,2,1,1,2,1,1,1
8,759,Milo grain,Maize,9,5,4,7,4,3,15,5,10,1
8,760,Milo grain,nocapture,73,39,34,0,0,0,0,0,0,1
9,761,Milo grain,Maize,32,20,12,2,1,1,3,2,1,1
9,762,Milo grain,Oats,2,2,0,6,3,3,9,6,3,1
9,763,Milo grain,Rice,36,18,18,10,5,5,0,0,0,1
9,764,Milo grain,Milo,26,16,10,2,2,0,1,0,1,1
9,765,Milo grain,nocapture,72,35,37,0,0,0,0,0,0,1
9,766,Milo grain,Milo,51,27,24,6,5,1,3,2,1,3
9,767,Milo grain,Maize,31,17,14,5,4,1,1,0,1,3
9,768,Milo grain,Oats,14,9,5,5,5,0,0,0,0,3
9,769,Milo grain,Rice,24,13,11,5,2,3,3,2,1,3
9,770,Milo grain,nocapture,52,27,23,0,0,0,0,0,0,3
9,771,Milo grain,Rice,34,16,18,9,3,6,2,2,0,2
9,772,Milo grain,Milo,25,16,9,13,9,4,1,0,1,2
9,773,Milo grain,Maize,21,9,12,9,4,5,0,0,0,2
9,774,Milo grain,Oats,11,6,5,4,1,3,1,1,0,2
9,775,Milo grain,nocapture,69,34,35,0,0,0,0,0,0,2
9,776,Milo grain,Oats,11,7,4,5,2,3,0,0,0,4
9,777,Milo grain,Rice,37,22,15,5,3,2,2,2,0,4
9,778,Milo grain,Milo,17,8,9,9,5,4,6,3,3,4
9,779,Milo grain,Maize,19,11,8,14,5,9,1,1,0,4
9,780,Milo grain,nocapture,73,32,41,0,0,0,0,0,0,4
10,781,Milo grain,Maize,16,8,8,17,11,6,4,2,2,4
10,782,Milo grain,Oats,10,8,2,0,0,0,3,2,1,4
10,783,Milo grain,Rice,36,14,22,4,1,3,9,9,0,4
10,784,Milo grain,Milo,28,17,11,2,1,1,18,12,6,4
10,785,Milo grain,nocapture,33,27,26,0,0,0,0,0,0,4
10,786,Milo grain,Milo,23,14,9,10,8,2,15,8,7,2
10,787,Milo grain,Maize,27,11,16,7,6,1,8,6,2,2
10,788,Milo grain,Oats,15,10,5,2,0,2,3,2,1,2
10,789,Milo grain,Rice,21,12,9,13,6,7,5,5,0,2
10,790,Milo grain,nocapture,51,23,28,0,0,0,0,0,0,2
10,791,Milo grain,Rice,40,21,19,11,8,3,7,3,4,1
10,792,Milo grain,Milo,33,11,22,4,1,3,9,6,3,1
10,793,Milo grain,Maize,19,7,12,4,1,3,5,2,3,1
10,794,Milo grain,Oats,21,13,8,2,2,0,1,0,1,1
10,795,Milo grain,nocapture,41,18,23,0,0,0,0,0,0,1
10,796,Milo grain,Oats,18,12,6,4,2,2,7,2,5,3
10,797,Milo grain,Rice,34,14,20,3,0,3,10,4,6,3
10,798,Milo grain,Milo,15,7,8,4,1,3,3,2,1,3
10,799,Milo grain,Maize,4,2,2,6,5,1,2,0,2,3
10,800,Milo grain,nocapture,86,44,42,0,0,0,0,0,0,3
